<beans xmlns="http://www.springframework.org/schema/beans"
	xmlns:xsi="http://www.w3.org/2001/XMLSchema-instance"
	xmlns:context="http://www.springframework.org/schema/context"
	xsi:schemaLocation="http://www.springframework.org/schema/beans
    http://www.springframework.org/schema/beans/spring-beans-3.0.xsd
    http://www.springframework.org/schema/context
    http://www.springframework.org/schema/context/spring-context-3.0.xsd">

	<bean id="emp" class="com.ericsson.springcore.Employee" autowire="constructor"><!-- Employee emp=new Employee() -->
		<constructor-arg name="empId" value="123"></constructor-arg>
		<constructor-arg name="empName" value="suresh"></constructor-arg>
		<constructor-arg name="empSal" value="23000"></constructor-arg>
		<constructor-arg name="empDesg" value="trainer"></constructor-arg>
		<!-- <constructor-arg name="address" ref="add"></constructor-arg> -->
		
	</bean>
	<bean class="com.ericsson.springcore.Address" id="address">

		<constructor-arg name="hno" value="222"></constructor-arg>
		<constructor-arg name="colony" value="sbi colony"></constructor-arg>
		<constructor-arg name="pincode" value="234567"></constructor-arg>
		<constructor-arg name="city" value="hyderabad"></constructor-arg>

	</bean>

</beans>    