<beans xmlns="http://www.springframework.org/schema/beans"
	xmlns:xsi="http://www.w3.org/2001/XMLSchema-instance"
	xmlns:context="http://www.springframework.org/schema/context"
	xsi:schemaLocation="http://www.springframework.org/schema/beans
    http://www.springframework.org/schema/beans/spring-beans-3.0.xsd
    http://www.springframework.org/schema/context
    http://www.springframework.org/schema/context/spring-context-3.0.xsd">

	<bean id="emp" class="com.ericsson.springcore.Employee"
		scope="prototype"><!-- Employee emp=new Employee() -->

		<!-- <constructor-arg name="empId" value="333"></constructor-arg> <constructor-arg 
			name="empName" value="naresh"></constructor-arg> <constructor-arg name="empSal" 
			value="25000"></constructor-arg> <constructor-arg name="empDesg" value="developer"></constructor-arg> -->
<!-- <constructor-arg name="address" ref="add"></constructor-arg> -->

		<property name="empId" value="123"></property>
		<property name="empName" value="suresh"></property>
		<property name="empSal" value="23000"></property>
		<property name="empDesg" value="trainer"></property>
		<property name="address" ref="add"></property>
		
	</bean>
	<bean class="com.ericsson.springcore.Address" id="add">

		<property name="hno" value="222"></property>
		<property name="colony" value="sbi colony"></property>
		<property name="pincode" value="234567"></property>
		<property name="city" value="hyderabad"></property>

	</bean>

</beans>    